"274","进口饼干 & 薯片系列发布会","32"
"273","珍珠蜜桃发布会","74"
"272","夏黑葡萄发布会","63"
"271","日本雪平锅发布会","107"
"270","深山散养柴鸡蛋发布会","61"
"268","新疆喀什西梅发布会","91"
"267","无添加两年特调酱油发布会","61"
"266","台湾黑糖小饼干发布会","75"
"265","无添加水晶糖姜发布会","41"
"264","酥脆红枣片发布会","57"
"263","现磨三色胡椒发布会","42"
"262","百利甜情人发布会","20"
"261","天山雪桃发布会","59"
"259","无添加鲜炖燕窝发布会","105"
"258","攀西突尼斯软籽石榴发布会","73"
"257","锦绣大黄桃发布会","82"
"256","酸甜梅子组合发布会","57"
"255","松露轻乳芝士发布会","26"
"254","《魔法师的白手套》发布会","34"
"253","便携凤山核桃鸡汤发布会","45"
"252","韩国蜂蜜柚子茶发布会","74"
"251","香脆芝麻夹心海苔发布会","52"
"250","正宗内蒙古牛肉干发布会","68"
"249","波姬红无花果发布会","88"
"248","香草海盐发布会","51"
"247","无添加猪肉松发布会","58"
"246","台湾白因子消毒喷雾发布会","57"
"245","菲律宾凤梨发布会","95"
"244","台湾薏仁红豆粉发布会","85"
"243","咸蛋黄酥饼发布会","97"
"242","儿童棒棒奶酪发布会","83"
"241","《托马斯&朋友—嘉年华！来了！》 发布会","51"
"240","新疆无籽露葡萄发布会","56"
"239","黄金芭乐百香果发布会","95"
"238"," 线下亲子扎染活动发布会","34"
"237","云南圣心芒果发布会","89"
"236","稻壳抗菌防霉砧板发布会","74"
"235","无添加传统燕麦片","7"
"234","《音乐之声》发布会","28"
"233","清炖牛骨汤米粉发布会","42"
"232","西州蜜瓜25号发布会","39"
"231","薄皮脆甜小西瓜 发布会","43"
"230","大漠蜜瓜发布会","71"
"229","新疆蟠桃发布会","44"
"228","挪威北极真鳕鱼发布会","74"
"227","麻辣龙虾球发布会","86"
"226","法国多功能剪刀发布会","50"
"225","大型3D亲子科幻剧发布会","31"
"223","云南鹰嘴芒发布会","111"
"222","栗香南瓜发布会","88"
"221","平谷蟠桃发布会","121"
"220","红树林烤咸鸭蛋发布会","66"
"218","防滑拖鞋发布会","85"
"217","新西兰进口花生酱发布会","150"
"216","英国彩虹碗发布会","319"
"215","谷物营养粥发布会","61"
"214","有机绿宝石脆梨发布会","41"
"213","美国原版舞台剧发布会","31"
"212","捷克式熟酸奶发布会","36"
"211","抹茶赤豆蛋糕发布会","37"
"210","冰鲜多宝鱼发布会","33"
"209","老盐金桔柠檬粉发布会","14"
"208","安格斯牛仔骨发布会","48"
"207","大荔冬枣发布会","68"
"206","甘肃鲜枸杞发布会","65"
"205","进口澳柑发布会","73"
"204","冰糖木瓜发布会","104"
"203","法国琥珀锅发布会","147"
"202","海南红毛丹发布会","73"
"201","加拿大油壶发布会","86"
"200","脆甜鲜玉米发布会","85"
"199","世界插画大展发布会","53"
"198","新疆天山蜜杏 发布会","90"
"197","鸡嘴荔枝发布会","47"
"196","榴莲轻乳酪蛋糕发布会","41"
"194","西域软糯柿椒酱发布会","27"
"193","原味葵花籽发布会","94"
"192","高山东魁杨梅发布会","137"
"191","阳山水蜜桃发布会","76"
"190","华盛顿车厘子发布会","100"
"189","《白雪公主》发布会","33"
"188","原生竹浆本色纸发布会","147"
"187","海南高山青柠檬发布会","93"
"186","东兰乌鸡汤发布会","67"
"185","河北赤焰紫桃发布会","91"
"184","童话音乐童话剧《海的女儿·黎明钟声》发布会","33"
"183","儿童便携水壶发布会","132"
"182","黄蜜桃","60"
"181","黄蜜桃发布会","3"
"180","鳕鱼水饺发布会","74"
"177","原汁鲜榨果汁发布会","13"
"176","长绒棉毛巾发布会","72"
"175","果汁","1"
"174","树莓夏朵蛋糕发布会","5"
"173","发布会测试","8"
"172","德国皮具护理膏发布会","53"
"171","德国皮具护理膏发布会","15"
"169","香辣牛杂米粉发布会","34"
