便携榨汁神器(1机身+2杯: 279.9),
日本雪平锅(22cm: 229.0),
508.9,

多功能清洁膏(清洁膏+护理膏套装: 209.9),
兔子熊暖手宝(灰色: 290.0),兔子熊暖手宝(粉色: 290.0),
499.9,

多功能清洁膏(清洁膏+护理膏套装: 209.9),
柔薄暖宫带(1套: 298.0),
507.9,

净水器替换滤芯(6只装: 219.0),稻壳抗菌防霉砧板(中号(27.7*39.7cm): 219.0),
多效过滤净水壶(1壶4芯: 288.0),儿童保温壶(1个: 288.0),专业护龈电动牙刷(成人款)(白色(1机+4刷头): 288.0),
507.0,

净水器替换滤芯(6只装: 219.0),稻壳抗菌防霉砧板(中号(27.7*39.7cm): 219.0),
兔子熊暖手宝(灰色: 290.0),兔子熊暖手宝(粉色: 290.0),
509.0,

净水器替换滤芯(6只装: 219.0),稻壳抗菌防霉砧板(中号(27.7*39.7cm): 219.0),
柔薄暖宫带(1套: 298.0),
517.0,

多效过滤净水壶(1壶1芯: 169.0),英国害羞邦尼兔(奶油色: 169.0),英国害羞邦尼兔(郁金香粉: 169.0),英国害羞邦尼兔(水蓝色: 169.0),英国害羞邦尼兔(银灰色: 169.0),英国害羞邦尼兔(米棕色: 169.0),英国害羞邦尼兔(浅粉色: 169.0),德国热水袋(萌鸭: 169.0),德国热水袋(女孩: 169.0),
电陶炉(1台: 339.0),
508.0,

多效过滤净水壶(1壶4芯: 288.0),儿童保温壶(1个: 288.0),专业护龈电动牙刷(成人款)(白色(1机+4刷头): 288.0),
日本雪平锅(22cm: 229.0),
517.0,

法国琥珀锅(2.5L: 279.0),
日本雪平锅(22cm: 229.0),
508.0,

法国琥珀锅(3.5L: 319.0),
日本雪平锅(20cm: 199.0),便携式折叠电水壶(皓月白0.6L(升级版): 199.0),除甲醛除异味组合包(1盒装: 199.0),
518.0,

法国琥珀锅(3.5L: 319.0),
便携式折叠电水壶(灰色0.6L: 189.0),
508.0,

法国琥珀锅(3.5L: 319.0),
多功能暖手宝(红色: 198.0),多功能暖手宝(蓝色: 198.0),多功能暖手宝(白色: 198.0),多功能暖手宝(黑色: 198.0),
517.0,

法国琥珀锅(3.5L: 319.0),
儿童智能声波电动牙刷(1机+4刷头: 196.0),
515.0,

稻壳抗菌防霉砧板(中号+小号: 329.0),进口不粘锅(炒锅 32cm: 329.0),
日本雪平锅(18cm: 179.0),贴身衣物专用洗涤颗粒(2盒装: 179.0),
508.0,

稻壳抗菌防霉砧板(中号+小号: 329.0),进口不粘锅(炒锅 32cm: 329.0),
便携式折叠电水壶(灰色0.6L: 189.0),
518.0,

日本雪平锅(18cm: 179.0),贴身衣物专用洗涤颗粒(2盒装: 179.0),
电陶炉(1台: 339.0),
518.0,

日本焖烧壶(银白色: 149.0),日本焖烧壶(桃粉色: 149.0),日本焖烧壶(雅红色: 149.0),日本不锈钢保温杯(墨蓝色: 149.0),日本不锈钢保温杯(蒂凡尼蓝: 149.0),日本不锈钢保温杯(芭比粉: 149.0),日本不锈钢保温杯(芒果黄: 149.0),日本不锈钢保温杯(探戈红: 149.0),免洗洗手液(组合套装(50ml+473ml补充装): 149.0),
皮毛一体拖鞋(粉色36: 369.0),皮毛一体拖鞋(粉色37: 369.0),皮毛一体拖鞋(粉色38: 369.0),皮毛一体拖鞋(粉色39: 369.0),
518.0,

日本焖烧壶(银白色: 149.0),日本焖烧壶(桃粉色: 149.0),日本焖烧壶(雅红色: 149.0),日本不锈钢保温杯(墨蓝色: 149.0),日本不锈钢保温杯(蒂凡尼蓝: 149.0),日本不锈钢保温杯(芭比粉: 149.0),日本不锈钢保温杯(芒果黄: 149.0),日本不锈钢保温杯(探戈红: 149.0),免洗洗手液(组合套装(50ml+473ml补充装): 149.0),
儿童高真空不锈钢两用杯(蓝色: 358.0),儿童高真空不锈钢两用杯(绿色: 358.0),儿童高真空不锈钢两用杯(粉色: 358.0),儿童高真空不锈钢两用杯(紫色: 358.0),
507.0,

电陶炉(1台: 339.0),
多功能手持式挂烫机(1个: 168.0),
507.0,

除螨仪(D608(绿色): 269.0),
台湾白因子消毒喷雾(500ml*1瓶: 242.0),
511.0,

皮毛一体拖鞋(粉色36: 369.0),皮毛一体拖鞋(粉色37: 369.0),皮毛一体拖鞋(粉色38: 369.0),皮毛一体拖鞋(粉色39: 369.0),
牙刷消毒收纳架(迷你装(粉色): 138.0),
507.0,

台湾白因子消毒喷雾(25ml*6瓶: 155.0),
儿童高真空不锈钢两用杯(蓝色: 358.0),儿童高真空不锈钢两用杯(绿色: 358.0),儿童高真空不锈钢两用杯(粉色: 358.0),儿童高真空不锈钢两用杯(紫色: 358.0),
513.0,

台湾白因子消毒喷雾(500ml*1瓶: 242.0),
夹棉防水床笠(180*200cm: 258.0),
500.0,

台湾白因子消毒喷雾(500ml*1瓶: 242.0),
儿童学习桌椅(粉色椅套: 266.0),儿童学习桌椅(蓝色椅套: 266.0),儿童学习桌椅(绿色椅套: 266.0),
508.0,

儿童高真空不锈钢两用杯(蓝色: 358.0),儿童高真空不锈钢两用杯(绿色: 358.0),儿童高真空不锈钢两用杯(粉色: 358.0),儿童高真空不锈钢两用杯(紫色: 358.0),
防水防触电插座(4插位(2米线长): 159.0),
517.0,

儿童高真空不锈钢两用杯(蓝色: 358.0),儿童高真空不锈钢两用杯(绿色: 358.0),儿童高真空不锈钢两用杯(粉色: 358.0),儿童高真空不锈钢两用杯(紫色: 358.0),
牙刷消毒收纳架(家庭装(白色): 158.0),牙刷消毒收纳架(家庭装(黑色): 158.0),
516.0,

